"0","library(tidyverse)"
"2","Warning: package â€˜tidyverseâ€™ was built under R version 4.1.3"
"2","Registered S3 methods overwritten by 'dbplyr':
  method         from
  print.tbl_lazy     
  print.tbl_sql      
"
"2","Warning: program compiled against libxml 210 using older 209
"
"2","â”€â”€ [1mAttaching packages[22m â”€â”€â”€â”€â”€â”€â”€â”€â”€â”€â”€â”€â”€â”€â”€â”€â”€â”€â”€â”€â”€â”€â”€â”€â”€â”€â”€â”€â”€â”€â”€â”€â”€â”€â”€â”€â”€â”€â”€â”€â”€â”€â”€â”€â”€â”€â”€â”€â”€â”€â”€â”€â”€â”€â”€â”€â”€â”€â”€â”€â”€â”€â”€â”€â”€â”€â”€â”€â”€â”€â”€â”€â”€â”€â”€â”€â”€â”€â”€â”€â”€ tidyverse 1.3.2 â”€â”€"
"2","[32mâœ”[39m [34mggplot2[39m 3.4.2     [32mâœ”[39m [34mpurrr  [39m 1.0.1
[32mâœ”[39m [34mtibble [39m 3.2.1     [32mâœ”[39m [34mdplyr  [39m 1.1.1
[32mâœ”[39m [34mtidyr  [39m 1.3.0     [32mâœ”[39m [34mstringr[39m 1.5.0
[32mâœ”[39m [34mreadr  [39m 2.1.4     [32mâœ”[39m [34mforcats[39m 1.0.0"
"2","Warning: package â€˜ggplot2â€™ was built under R version 4.1.3"
"2","Warning: package â€˜tibbleâ€™ was built under R version 4.1.3"
"2","Warning: package â€˜tidyrâ€™ was built under R version 4.1.3"
"2","Warning: package â€˜readrâ€™ was built under R version 4.1.3"
"2","Warning: package â€˜purrrâ€™ was built under R version 4.1.3"
"2","Warning: package â€˜dplyrâ€™ was built under R version 4.1.3"
"2","Warning: package â€˜stringrâ€™ was built under R version 4.1.3"
"2","Warning: package â€˜forcatsâ€™ was built under R version 4.1.3"
"2","â”€â”€ [1mConflicts[22m â”€â”€â”€â”€â”€â”€â”€â”€â”€â”€â”€â”€â”€â”€â”€â”€â”€â”€â”€â”€â”€â”€â”€â”€â”€â”€â”€â”€â”€â”€â”€â”€â”€â”€â”€â”€â”€â”€â”€â”€â”€â”€â”€â”€â”€â”€â”€â”€â”€â”€â”€â”€â”€â”€â”€â”€â”€â”€â”€â”€â”€â”€â”€â”€â”€â”€â”€â”€â”€â”€â”€â”€â”€â”€â”€â”€â”€â”€â”€â”€â”€â”€â”€â”€ tidyverse_conflicts() â”€â”€
[31mâœ–[39m [34mdplyr[39m::[32mfilter()[39m masks [34mstats[39m::filter()
[31mâœ–[39m [34mdplyr[39m::[32mlag()[39m    masks [34mstats[39m::lag()"
